Level Sensor-1,Level Sensor-2,Level Sensor-3, Fluid Flow
37.175832,44.386132,37.349638,250.216052
46.191934,55.11747,42.434596,250.254899
45.778657,52.262403,41.211125,249.785125
45.802319,58.642311,41.656117,251.306891
55.451924,61.419208,38.93859,250.150323
59.609969,63.936592,41.406224,250.78024
54.787273,67.665722,43.219207,249.65924
60.205678,66.851206,41.934116,248.834431
62.913511,68.090355,41.866653,250.613049
62.76237,68.892154,44.824013,249.17832
63.995643,68.833274,41.402145,251.217395
65.740222,62.879066,38.455751,251.893044
67.755174,64.304633,37.246576,249.846756
67.207878,68.443564,41.018715,250.517324
65.361255,68.384153,40.830605,248.068303
64.826874,68.016894,41.998857,250.003949
68.202788,67.031606,42.596381,250.263423
67.003523,68.728773,44.577338,251.892388
66.105289,66.550824,43.814906,249.586299
69.235158,66.513934,41.360649,249.896586
67.360765,68.662164,43.779088,250.521421
68.148327,69.313942,41.895813,249.969691
65.464235,66.16274,43.760408,251.584396
62.266357,67.280895,42.219816,249.666944
62.516933,68.258605,43.481675,248.76526
67.322854,68.905351,44.992116,248.630688
66.624693,69.152543,45.676544,249.133736
68.842839,67.629157,44.58097,251.500964
66.971135,67.932628,32.808703,249.210775
64.122312,69.427985,36.812523,249.981657
67.265202,69.673803,39.777623,248.477265
68.152049,65.93164,42.067268,250.998735
63.585617,67.406913,44.869368,250.513554
63.325089,66.31901,44.587393,248.430878
63.450452,68.366222,42.988384,249.454349
60.69948,68.577966,42.91835,249.350756
62.581657,66.348969,42.15228,251.623899
68.549946,68.264809,44.204152,248.860165
66.903981,65.427218,45.145361,251.525387
58.836769,66.657958,43.571427,249.255523
65.883381,68.293789,39.073871,250.063449
68.23135,69.602749,36.479017,250.905961
62.875139,68.259902,41.471801,249.070957
65.090262,69.788283,39.145506,250.052631
66.978898,70.817594,42.72579,249.430254
64.753808,66.342843,41.240494,250.621736
65.635077,68.075313,43.697884,250.487328
68.462394,68.193949,40.35666,248.452842
67.988774,68.955156,35.164041,250.977263
67.709108,67.064521,37.379642,249.281257
68.250955,67.369668,41.290124,249.888226
62.061821,67.91884,40.084786,250.606984
66.23127,67.889085,43.279508,249.219462
67.896401,69.155388,44.837334,251.022503
70.272169,66.884773,43.324265,249.016702
68.752,61.56889,41.851511,250.048861
66.249851,65.545896,42.767098,250.007719
61.964264,65.475402,41.957621,248.487592
68.092315,68.820367,41.969358,249.764964
67.447925,68.12419,43.912952,250.355542
70.065121,67.638248,45.138178,250.152454
65.800742,68.616288,43.998971,251.512274
65.573547,63.611012,43.233185,251.416221
66.407234,66.693281,39.98604,250.333577
63.513287,65.188024,38.679461,250.038043
66.605123,67.928538,32.273505,249.315843
61.447551,66.460565,34.936653,250.971526
63.927429,65.849812,38.409447,249.847412
66.314913,69.156584,40.981723,250.510275
65.889526,67.570771,42.672304,250.431105
64.129461,67.836796,41.414661,249.943957
67.683064,67.186071,39.964677,249.964774
65.923647,68.193919,39.530243,249.236837
64.990899,69.575843,40.885358,250.213102
67.489237,68.615962,44.67579,250.504866
62.756753,66.495198,45.090674,250.722542
62.597075,66.766458,44.854425,249.541223
64.426578,65.993714,43.445551,249.868721
63.201654,67.755883,42.485726,248.763293
64.510048,65.059126,42.046071,250.229001
67.43615,65.163487,42.712128,249.562532
63.430934,65.87532,42.6968,249.363542
66.502266,69.142083,45.122078,251.270831
67.82594,68.835174,43.906768,250.050172
66.109899,68.443866,39.884997,249.894619
62.445977,68.480933,41.350825,250.540271
64.354186,67.650298,44.81175,251.018405
65.801141,67.49599,42.884761,249.297157
64.850946,68.091356,37.447953,251.55063
64.633339,68.951621,42.391031,250.503063
64.082522,69.630398,43.535974,250.690743
64.850854,69.168478,45.777287,250.453725
70.02484,69.204038,43.374489,250.157207
68.469639,68.526398,42.62108,249.628425
68.46091,69.732892,44.288681,249.050796
65.184435,64.296478,43.572406,249.646783
62.842981,66.595193,39.240756,251.263127
61.136523,68.408894,42.47019,249.410093
63.916862,58.7998,44.433371,250.358656
66.097898,62.844617,44.946745,250.084922
62.156498,67.035406,44.209889,249.946907
59.915496,65.737532,44.699208,250.804007
59.593142,67.966341,43.211725,249.590397
65.670885,65.844846,40.658579,249.106526
69.247359,68.125879,32.459456,251.140356
67.212839,67.367046,39.053421,248.947531
61.790505,68.435796,41.59989,249.228805
65.743375,68.588789,44.80962,249.492541
64.526977,68.169934,46.048932,250.979722
67.712576,67.544654,40.259718,248.977035
60.964173,65.863044,41.370982,251.4195
63.413923,66.93649,44.019575,249.376982
62.259844,67.022411,42.475035,249.82889
67.148299,64.371581,40.107613,250.957921
62.659174,68.10224,39.322579,250.552401
68.546966,65.309602,43.263729,249.708086
61.187725,65.62627,43.474398,249.84102
66.691664,67.452187,43.706414,249.276996
69.234569,68.120764,36.235275,249.337479
61.614407,64.564334,41.135341,250.755325
58.996624,65.973381,39.491876,249.484017
65.36174,66.164179,37.594229,250.915468
63.881219,68.928281,40.240497,250.719428
61.58346,68.742882,41.721415,249.351084
65.044144,66.965345,40.292759,250.078693
63.781294,68.564004,42.47022,249.671042
65.793985,66.392236,38.648127,250.004768
64.200578,68.558786,38.393634,249.29896
66.307588,69.887172,40.273994,250.644028
68.280384,70.173934,43.78518,249.913469
66.304453,68.621953,42.830136,250.129178
65.066038,66.146469,42.84697,250.13639
67.067613,68.279113,41.232999,249.485984
63.254126,68.709513,40.760019,249.791518
63.572902,68.255983,42.456379,250.323087
69.808209,70.003114,41.626923,249.568105
67.159481,66.447358,44.49219,251.253784
66.195632,64.891578,45.271997,249.306992
65.095161,68.590523,44.605334,249.924123
68.414265,67.629059,42.14016,250.570431
64.209251,67.158169,44.977517,251.262471
63.47635,67.666049,45.143348,249.594167
63.862261,68.598036,44.391827,251.143962
68.344352,69.917582,45.023516,249.820203
67.217032,66.016037,42.940474,249.984771
63.951548,66.140516,38.675982,250.202611
65.120918,68.40643,39.804729,250.756472
62.092308,68.086342,38.813176,249.305189
64.756415,67.770593,42.162975,251.084626
65.085145,69.231248,40.680934,249.406815
66.010149,69.122112,44.446525,249.515161
68.391492,68.594988,45.101853,248.192385
67.483008,67.352892,41.409247,250.880063
62.015119,66.123243,42.652242,249.786764
65.203664,68.805138,45.349319,249.025717
67.846971,67.744998,44.025713,250.167862
67.288989,67.174282,43.774635,249.284536
62.368071,67.85018,39.556503,249.379441
64.589944,69.568532,39.472404,250.039846
66.851802,71.026577,41.341344,264.84707
65.529493,69.454901,41.737072,274.040446
66.181524,70.528096,42.244674,274.940491
66.725476,68.340162,46.175913,275.11178
71.618426,68.144297,41.992434,275.856271
72.609554,69.347001,41.897912,275.215209
70.486668,70.726949,45.62881,274.885088
68.985332,70.220477,44.750942,273.749828
69.51544,69.478595,43.574209,275.866762
73.974892,70.016544,45.740313,275.372565
74.060754,72.966302,43.712034,275.14784
69.421038,72.133439,45.276291,275.360927
70.631107,71.783631,45.388222,274.730682
73.821022,72.499141,42.046219,274.500057
72.14338,72.956717,43.527662,276.541099
69.513564,70.415689,47.116187,273.778185
69.835774,71.245781,46.749673,273.286939
71.859134,71.97683,46.871719,275.553197
69.873248,71.728929,44.125998,274.931803
73.769141,72.625659,44.632183,274.246976
74.024418,72.019878,45.795504,275.211439
72.02033,67.614562,48.167444,274.329588
70.633013,71.462965,45.785983,274.742812
69.073921,72.137398,46.804705,274.977207
67.248587,72.317657,46.008051,276.221141
69.514041,70.996807,44.888868,273.635909
67.543339,70.750046,44.328049,274.835587
74.383242,69.53347,44.728383,275.399938
74.02647,72.318166,45.149328,274.100766
70.307433,67.95999,45.49243,275.574833
63.760001,70.156814,43.538345,275.638923
70.170869,70.978085,44.674068,274.101585
72.270916,72.09217,39.827544,274.810016
72.612793,71.959479,44.014548,275.64171
70.778345,69.410967,46.446734,275.436491
70.581321,69.501742,43.517852,274.619713
71.862913,70.547705,45.077804,275.367647
68.35167,70.920689,40.969025,274.47252
72.293656,71.31723,39.953979,275.392234
72.48714,73.365977,45.68849,274.986878
72.245862,74.205302,46.190055,275.209799
69.243006,74.325788,44.05255,274.879515
69.371726,73.892392,43.393146,275.778741
68.205663,74.013145,46.792948,273.583621
73.685354,73.095501,47.256494,275.967076
70.770534,71.868036,43.921891,274.618238
72.149528,72.232451,44.822012,273.423806
69.414789,73.740163,38.473941,275.422394
65.011834,72.727645,37.082441,275.516644
67.808113,70.979888,37.701577,274.750516
71.572223,72.456704,43.861657,275.917247
68.08878,71.353883,45.327933,274.607584
66.89063,72.338697,44.045004,274.340734
73.036084,69.729768,45.259611,275.201276
71.361308,67.685129,45.164788,273.518384
65.738077,70.108356,46.651809,274.611518
72.994965,72.535648,48.356567,274.514318
67.255364,73.686053,44.421385,275.356993
69.307233,73.667042,46.376099,275.760874
72.927908,73.694521,47.316323,275.877088
72.041052,73.330983,46.956351,273.869812
72.294895,73.546944,46.189593,274.803132
71.876577,73.684491,45.094669,274.775758
73.642093,74.650598,44.089454,273.291528
71.889721,73.509395,45.632757,275.411904
67.029193,69.870868,46.565666,276.677474
60.623446,71.887665,45.663618,273.461014
71.588271,71.172333,45.873175,274.773791
73.657587,72.825294,43.912366,275.108829
72.396133,72.629751,42.981752,275.790051
72.027916,68.039207,44.038375,274.971634
71.490015,68.722704,43.063798,274.423346
74.730729,70.946473,44.208506,275.173903
69.200588,72.432857,45.039259,275.582701
62.276033,70.919782,43.948059,274.429083
66.038021,70.320493,45.51512,275.775626
71.68342,71.878407,46.253183,275.564179
70.913529,71.284615,47.604803,274.243534
72.821475,73.332232,47.258661,274.994254
71.319767,74.592127,47.327751,275.728419
71.568548,72.756684,46.12852,275.493369
70.817047,73.071847,46.632269,276.051164
72.036758,72.970648,45.782658,275.855288
69.707803,71.446622,47.151963,274.772316
71.109818,71.818419,47.529519,275.597945
72.636156,73.486785,43.079683,275.353715
72.499242,70.551186,43.099898,274.502188
71.098868,70.827871,45.488539,275.361255
65.604314,70.876822,45.226926,275.331587
63.383877,70.075641,45.177741,276.083454
67.429286,67.506587,44.714003,273.840472
66.209937,67.940794,45.277011,275.135383
64.569256,68.395527,47.977981,276.131645
72.073961,72.282821,44.224133,274.838209
72.652118,70.29522,48.437508,274.733797
72.583377,72.472852,47.451653,275.264055
71.238746,72.592576,46.763198,275.360927
72.11884,73.014777,43.420639,274.083555
67.872276,68.902957,40.754402,274.717078
69.742937,71.045172,42.33483,275.116205
68.896402,71.258407,45.118838,275.574997
71.321916,72.20968,45.076154,275.889874
70.823147,73.316866,46.611479,274.620205
74.260447,73.191199,46.104533,275.371581
70.892682,74.351742,43.217616,276.499957
68.931464,72.427272,45.847185,275.783822
71.411081,69.525854,46.671888,273.89735
70.939817,71.231682,45.386298,275.315687
70.301275,73.148276,45.843303,275.433376
73.648596,70.729856,43.325773,276.244417
72.962346,71.998473,43.145416,274.852306
72.131223,72.024887,40.619242,275.149152
70.276411,73.225389,44.632455,275.714979
72.538898,74.089369,45.402586,273.975864
72.831624,72.121335,44.84995,275.056213
73.799682,72.570873,49.200902,276.04723
73.277542,70.16979,47.830509,275.779068
73.985634,72.726194,48.555068,274.493665
71.564669,73.583031,47.440077,274.094045
70.70012,72.115373,47.328483,276.095584
71.886452,71.514408,45.911707,275.483698
73.825235,71.050764,46.14411,273.40053
71.568102,72.056922,45.53185,274.499401
70.747115,72.374934,45.084028,274.630204
69.953385,71.223771,45.674663,274.462521
67.104959,71.901805,43.366794,274.197474
74.275828,70.695298,45.638383,274.557918
68.936887,71.643258,46.411917,275.09211
70.30196,68.290031,40.942665,274.673805
63.594902,70.389628,44.208526,275.816441
74.12944,72.580668,43.877823,274.665609
62.24195,71.919095,44.231676,274.471208
68.044531,67.994467,47.678003,276.004121
69.673595,71.664993,48.191291,275.155708
71.959558,73.826382,46.457338,274.816409
73.711026,73.483192,47.694674,274.002746
68.971471,72.375056,46.15601,274.566114
64.881126,72.885695,41.255964,276.05018
71.310747,72.150873,43.651895,275.869548
71.335532,72.102716,41.598585,274.246156
74.457303,71.612141,40.821408,274.266809
73.277278,71.890801,42.941227,275.691539
72.42026,72.805498,45.492395,274.852961
69.51731,72.231141,44.784747,273.887843
70.089374,71.153028,46.589106,275.295526
72.918244,71.609546,37.091911,275.178164
73.310441,72.943215,42.189844,275.408953
73.996984,72.037921,45.209092,275.938064
68.537918,72.63853,45.651156,275.611222
68.165109,73.144473,44.921945,275.168821
73.000804,73.596504,42.202976,274.642825
72.750885,72.232296,45.632943,274.397939
70.552908,70.794232,48.168144,274.70085
72.188115,69.650209,44.542983,275.146529
71.452161,69.776248,43.078639,273.568049
71.144654,69.670276,43.454154,276.068211
71.311588,64.913543,44.352295,275.102928
71.73982,69.219198,46.035336,274.780348
72.413206,71.152252,45.50945,276.117548
72.480175,71.40687,44.803961,276.048869
72.632885,72.316656,43.035102,298.414439
73.644309,73.940304,43.716687,298.194796
72.471202,74.280644,44.139995,300.595298
74.622643,75.742951,45.019811,299.743444
76.537994,74.896464,40.94488,299.740165
76.817939,73.701351,44.270366,301.013768
74.622073,73.65335,46.356821,299.539208
73.251107,75.000052,47.064197,300.814122
73.821712,75.857646,46.965294,298.363134
74.848709,76.354629,47.072018,300.406635
75.278378,76.755728,49.918021,299.691975
74.30725,76.052493,43.349403,300.011933
75.858071,72.451024,46.955687,301.139817
71.823748,75.881316,40.883397,300.320908
72.365319,76.867813,44.372887,299.366444
72.871659,77.060992,46.336216,299.815238
73.282919,75.473523,47.633263,300.49482
68.485966,74.226248,46.588427,299.053863
74.312088,76.179229,48.139145,299.652636
75.15514,76.723961,46.272506,300.722495
77.068975,75.75789,48.972604,298.948959
74.404678,74.915071,48.857444,300.41942
75.227508,77.594304,48.981071,299.854085
75.734284,76.147084,47.315469,299.689844
74.916344,74.665985,49.812524,300.016686
76.776778,73.232333,49.969304,299.704432
76.698829,76.305418,44.087215,298.717022
76.717185,76.160873,47.876355,298.98043
78.892056,71.166829,50.766723,299.129263
77.962153,72.227893,49.746043,299.173847
78.205903,75.034058,49.917852,300.012916
78.095202,76.560616,49.297062,299.13713
74.005479,77.019298,48.847917,300.610378
75.198415,76.557786,48.893092,299.313009
76.264526,76.743096,48.517438,299.152538
75.001282,77.442678,43.240829,300.50154
77.273428,75.962856,44.400897,299.793765
75.036011,74.721586,47.369067,300.71643
76.342359,75.40956,48.4476,300.078481
78.033137,75.170224,48.632401,298.921585
79.555731,75.529325,44.090959,300.93886
76.445262,76.052449,47.132163,299.283013
76.621295,74.468277,49.359528,300.608248
76.052023,76.203135,49.109128,302.548155
73.83136,75.881763,50.04713,300.094873
69.581394,77.520906,50.192825,299.018949
70.918849,76.756957,49.141168,299.200073
72.071999,74.656372,48.112989,300.389096
69.54786,73.798476,48.3416,299.668863
71.610003,76.634787,50.049555,300.066516
72.662673,76.767913,49.664966,300.286159
74.639882,75.467773,50.215907,300.220922
78.644208,77.179581,50.811595,299.907029
77.392756,75.315643,48.068334,299.749509
78.429836,76.7737,50.706498,299.86605
78.741313,76.414791,49.039231,299.52085
77.152385,76.177425,49.612509,299.826548
76.37303,76.620369,47.495356,299.833104
75.153097,76.507149,49.102337,299.065009
75.059251,75.425168,47.350146,302.064613
78.337272,76.469768,49.017368,300.92296
75.704731,75.975987,49.750012,298.536554
67.093878,70.639189,51.738037,299.136147
68.182499,73.843205,46.649326,300.107658
74.051647,75.97146,50.004022,302.096084
71.268146,76.180761,44.159146,299.587235
71.224037,76.12705,42.685677,299.715579
74.82576,75.482287,47.570417,299.977511
70.966976,75.626587,47.617548,300.63349
76.120607,76.405976,50.413826,299.668536
75.583519,76.406568,50.548262,299.110249
79.233317,77.15657,43.342627,301.080316
73.999909,76.626233,45.19452,299.815893
73.099081,74.929062,49.444365,299.804911
71.611628,73.810853,46.456346,299.528554
74.243964,73.806444,48.982858,299.820647
75.17227,74.154735,50.071641,300.300911
76.731371,76.243642,47.281587,298.872739
75.215792,77.887366,48.985399,299.552485
76.171449,76.458218,48.042096,299.204335
75.763577,76.314982,49.098522,300.936893
74.019083,75.412968,49.277212,300.451219
74.757336,75.876523,47.341771,298.902571
74.99117,75.528489,28.903188,300.030947
71.271408,74.015298,38.855122,300.272062
71.798501,75.301254,44.657853,300.044224
74.311479,76.059719,48.099469,299.245641
75.182275,74.855568,48.840941,300.876901
73.019189,76.21655,50.144709,298.959613
75.87,77.334536,45.342468,298.435584
77.098306,77.598768,48.61069,300.14962
77.091409,75.308578,51.426629,299.372837
77.120949,74.98572,48.824321,300.509736
75.443868,76.383043,48.915824,300.383195
73.82038,74.110229,48.746529,298.94191
73.677027,75.834673,44.739019,299.932435
73.001368,75.252166,42.338076,300.602511
75.331941,76.159663,40.925384,299.535438
77.373727,75.023483,46.917915,300.503671
72.926587,76.711737,50.671177,299.889982
73.985569,74.556913,43.375485,301.319629
72.377025,76.889694,45.196687,299.193844
73.152716,77.130233,46.136262,301.605985
77.837391,76.01209,47.031615,299.750328
76.330849,76.008243,49.380495,300.494656
76.729838,76.247301,48.098931,302.582085
76.572481,73.319354,40.481118,299.01813
75.871778,73.635556,43.496327,300.457284
78.621438,76.136749,42.725816,298.156932
74.517007,76.634282,45.660732,301.257834
76.43563,76.851935,47.515843,297.94237
75.971036,73.390937,48.948907,299.702302
75.097834,71.319219,49.982707,300.723478
75.963977,75.638436,49.783105,299.121231
76.956895,76.601059,48.611526,299.698532
79.170955,76.658457,50.087191,299.905226
77.330154,76.140106,48.890928,299.982592
74.243486,73.069023,49.565067,299.654767
76.733883,74.323792,43.721327,299.586579
73.298458,76.984317,44.446158,300.062582
73.405075,78.070915,46.203875,299.341202
73.709922,76.350847,49.122762,300.823465
78.027968,75.397138,51.246864,301.056549
75.384532,76.801849,49.888857,300.747082
75.08032,76.968421,49.97363,297.706991
75.223205,77.217237,50.99388,299.553797
72.612696,75.622152,50.894337,299.429715
75.07645,74.905096,50.170016,300.252721
75.912421,75.445501,49.92528,300.927058
75.088238,76.090945,44.726402,300.274193
76.690336,76.505279,43.009263,301.143259
74.384091,75.53811,45.261416,301.243901
70.030191,71.394294,48.071447,299.487904
76.068887,72.185247,46.108302,301.014915
75.448196,76.172853,46.94388,299.430534
74.499857,76.265011,46.576801,298.427552
74.118751,76.777073,46.217727,299.143195
72.537695,76.34106,45.76637,300.679058
77.282061,76.383668,51.316531,299.835235
77.352519,76.329879,53.929658,297.932863
73.517327,77.047279,51.05422,301.650405
76.163174,76.673332,50.89455,300.029635
77.875315,76.820971,49.973949,299.911126
76.33683,76.694464,50.915927,301.030815
76.156169,74.468801,49.836963,299.941614
71.040136,73.259184,48.592714,300.814286
72.010547,76.204188,49.739339,298.617035
78.026678,75.374947,47.103419,299.542487
78.092311,75.495146,47.903325,301.099986
72.679034,76.771212,50.079592,299.928173
72.887831,77.187688,50.486273,300.529569
76.856318,75.22974,49.928167,299.605757
78.903243,76.747288,48.568849,299.017146
77.445575,76.556462,46.79028,298.824713
72.471864,77.009321,46.982816,301.059008
75.320144,76.782466,46.593842,298.964694
77.044246,77.669866,43.973688,300.575957
72.321122,77.153458,46.635162,300.036684
70.076897,76.247054,44.220007,301.210955
75.114001,73.412022,45.434036,299.21335
76.413786,76.035549,41.954323,323.03381
75.998106,77.436545,47.917418,323.476538
78.75076,79.273569,49.880486,324.292168
78.74761,78.80988,49.422064,325.471029
79.724053,79.154903,51.042674,325.006008
81.242338,79.86715,52.910117,324.587703
78.03068,81.269293,52.99045,323.394418
78.291529,80.135657,46.758288,324.970439
80.647832,78.775009,49.88125,325.318918
80.800951,79.6759,49.630877,324.743092
77.926059,80.250269,50.981363,324.481323
79.799598,78.921039,51.593754,324.427888
77.671369,77.851796,44.277231,325.437263
78.866257,79.222607,44.04375,324.134812
75.680117,80.367483,49.313468,325.902939
78.990261,78.179129,48.276505,323.8042
77.311028,79.141163,47.895759,324.021384
78.776071,80.069618,43.278553,324.553117
78.864938,79.084811,45.495455,326.873466
81.028079,80.421377,49.968021,325.027809
80.543124,76.821033,51.069123,325.656414
79.206674,78.303086,53.820204,323.457032
66.159294,80.465745,53.614096,324.421167
80.957955,78.482348,52.871996,324.079409
81.901141,79.049866,53.388734,325.438082
78.559075,75.69106,53.836694,326.249942
69.178972,77.216524,54.94949,324.865699
72.577749,79.153919,53.614397,324.914381
83.105057,80.013828,56.138428,325.663626
81.766507,79.911505,53.253376,325.02076
78.925317,79.814892,52.462105,325.493485
78.677993,78.943653,51.722465,325.278759
78.605921,80.149205,50.200304,324.748665
77.419019,80.251291,53.230893,324.550658
79.474733,80.706835,52.485296,324.553445
79.636332,79.452465,52.197057,325.348094
80.464315,79.175079,51.588595,324.252829
78.867547,79.993626,54.306543,324.594751
82.131912,80.968118,54.123037,324.810788
79.934921,81.059615,53.042252,325.195983
76.838118,78.567478,54.107257,325.582817
79.627741,79.504383,51.02717,324.02581
81.407755,78.629953,53.757678,326.140612
82.543806,80.56932,51.801805,325.391203
83.46581,82.200941,52.829243,324.899137
81.048617,81.450493,53.032129,324.687034
79.337161,77.979604,54.669939,324.979782
80.778701,78.950112,51.742911,324.545249
81.383778,80.117541,51.762971,324.682936
81.704387,76.392072,52.475884,325.874418
80.611034,78.591937,51.924452,324.73965
79.644519,80.253794,53.457399,325.617895
79.978087,81.516408,49.708432,324.761614
78.708066,80.619295,52.194453,326.419592
79.015946,76.823215,48.471029,325.0819
77.595882,77.931315,51.601595,324.994534
77.442841,79.093238,49.707564,325.764269
83.248129,79.259573,52.615299,324.278727
81.242075,79.371447,51.616899,325.523481
79.976175,77.355509,49.925124,326.045707
79.781732,79.072678,51.958383,325.869828
81.305352,77.662981,49.515401,325.303182
79.653715,80.294431,50.381233,324.1712
80.469978,79.549729,51.692947,324.857503
77.222785,79.148091,49.702545,325.030923
74.469218,78.763792,48.074104,324.558198
80.214067,76.016194,50.513797,325.2327
80.504493,75.962995,51.623869,323.298693
80.950885,79.0473,45.55704,324.727848
80.733667,80.979757,45.261995,324.928477
80.028844,81.557424,45.601677,325.485781
80.907828,80.505263,50.434717,326.064065
77.193705,79.437207,51.609266,325.61183
81.228828,75.253489,48.994366,323.90599
78.604559,76.376175,48.947632,324.947819
78.261666,79.163425,51.328521,324.888319
82.448142,76.194067,52.613494,324.821934
79.603242,76.014236,43.295053,325.917363
77.716547,78.79252,44.62801,324.230373
82.0287,78.930414,49.051149,324.957654
81.271264,80.244986,51.525344,323.679462
80.02722,79.655529,50.236217,324.882582
78.640186,80.234631,49.321899,325.76935
77.975799,80.312043,50.856131,325.809181
79.77987,80.364248,53.096817,325.188279
77.475913,79.24915,51.109019,324.458539
78.034277,80.492596,52.427162,324.192017
73.709396,80.342762,49.632967,324.686542
78.431606,79.4582,52.796503,326.101109
78.743435,80.945588,52.372814,324.696377
79.368672,80.806729,51.043555,325.388089
78.429861,80.77034,52.164,325.348094
79.91499,81.739463,50.209486,325.787216
79.685833,80.19505,45.136597,324.826196
78.129111,78.152689,48.384976,324.814394
79.736854,79.326479,49.480823,324.543446
80.942752,79.854177,51.033843,324.632943
81.105965,80.229293,54.260223,325.532332
79.312515,80.883557,50.409713,325.203031
77.193356,81.400797,49.3147,325.266302
72.778568,77.125635,46.850855,324.768171
83.722577,79.959668,48.149504,325.443983
82.458326,81.324481,49.604408,323.735684
78.594079,80.904998,49.960849,325.170413
83.365266,78.445098,48.317535,325.117797
80.365117,79.633715,52.169678,326.048002
81.62836,80.807564,52.206343,325.128451
77.745117,81.341091,51.863119,324.508369
82.307934,80.556288,51.380543,324.70654
76.916743,80.233772,43.732389,324.553773
75.29831,79.721942,46.947078,325.456604
79.915468,79.407664,52.928242,325.274169
79.552684,78.735471,53.672399,324.094653
79.796921,79.388772,54.326582,324.845701
75.648298,79.629817,51.083792,324.380681
78.777534,80.641836,48.979947,325.372189
77.184653,80.597747,51.088136,324.855864
80.685586,80.75182,52.255413,324.584424
81.375566,80.936822,49.15532,324.776039
81.432757,81.979693,47.023286,325.650185
81.21683,80.988179,49.106085,325.203687
74.669492,81.295829,51.862953,324.563935
78.613395,80.133351,48.155484,324.668512
81.666954,81.711304,49.169783,323.350981
77.153148,80.64584,51.013024,324.898481
77.444762,79.871836,53.273997,326.355666
80.045984,77.061228,48.085429,324.644253
81.299923,79.327491,43.78283,326.198965
81.431265,80.22284,48.307227,324.170709
76.951724,79.931714,49.124258,325.224668
78.749855,79.757278,52.397077,326.968372
74.927585,76.466983,53.4,324.42379
74.139347,78.831667,53.21515,325.39399
80.509679,76.245619,52.719151,325.075835
76.76004,79.955225,52.582201,324.866027
76.786107,80.156457,52.126747,325.201228
80.193412,78.707256,50.8658,325.901628
79.979727,80.24661,51.938136,324.166775
81.269967,76.862833,49.492169,323.790267
82.009196,75.761078,50.126727,324.388713
81.340345,77.495053,51.671909,324.82177
79.436876,79.585434,52.384373,325.163692
78.156737,79.675498,51.666504,324.512467
79.255386,78.882441,53.25894,324.754566
80.75518,78.295171,54.592011,325.585604
81.111406,78.234276,51.989313,325.770006
79.242242,78.013602,53.517326,324.756369
78.796316,79.046467,55.08855,325.546756
78.651851,80.604122,52.808718,324.514925
80.893331,80.753123,51.524435,324.694574
78.882702,77.217554,50.942306,325.377598
78.080987,77.967556,49.311762,325.616091
81.493949,80.465381,49.84977,324.468702
79.231475,81.318579,53.10391,324.449524
79.651557,79.045095,54.024563,325.031415
82.110606,77.470989,54.285843,323.836163
82.91151,79.390017,51.686049,324.864715
80.261858,79.665194,53.29373,324.343801
80.845866,80.025018,52.2645,325.434312
79.81803,80.078739,50.122283,325.065672
78.300213,80.129068,51.346027,325.597078
81.45501,80.226478,52.527904,343.804345
82.463907,82.418775,50.787034,347.71727
82.467528,83.372119,50.356342,349.306569
84.821893,83.424854,53.504256,350.815386
84.411089,84.15346,53.119588,350.078598
77.282679,83.969193,50.404505,349.155769
79.49129,85.335821,53.336356,349.205598
81.526289,84.316701,50.242552,350.191534
84.271869,84.516793,52.649656,349.937141
80.755647,83.47997,51.466724,350.448549
82.590052,83.138499,53.578677,349.461138
83.201646,83.646003,55.987176,350.101382
77.394812,83.981325,58.155688,348.76959
85.042236,83.926181,56.487411,349.189699
86.005159,84.550413,52.032073,350.078925
86.907178,80.885642,50.565498,350.635573
87.030637,82.503812,51.702726,349.861085
83.749435,83.799265,51.683526,350.215957
83.903441,85.043,54.276892,349.500641
86.273994,81.930824,52.879466,349.631771
84.834184,84.271705,56.180565,350.286931
84.593224,85.43114,55.461337,350.135311
84.393198,84.859799,55.565007,349.147737
85.672903,84.939057,53.739966,349.879444
84.839993,83.387765,54.810746,350.344792
84.885431,80.133648,54.932153,350.719824
82.316635,79.127374,54.973896,349.96222
81.54274,83.469108,56.137655,349.960089
83.665193,85.264955,55.962833,350.275457
83.977886,84.9871,54.477603,352.43468
85.719451,85.010247,49.603402,349.208876
82.247343,84.066084,48.160488,350.092366
80.868472,83.575415,53.310516,350.563943
86.313722,82.832344,54.54741,350.278571
83.55816,84.242101,53.415181,350.093022
85.107524,83.312228,53.110578,348.845154
78.741319,84.573512,54.145699,349.282309
83.753969,83.585087,55.175601,351.305485
82.697545,85.345414,55.273557,349.820107
85.9968,84.405033,54.332311,349.27395
81.977111,84.72929,54.697494,349.762082
82.54475,83.500664,56.187475,350.678355
83.831316,84.49281,52.504269,350.155637
81.772188,82.95715,47.569002,349.565387
84.134481,81.037817,55.059005,349.703074
85.60169,81.051867,57.635055,349.751592
83.209987,82.973762,52.726413,350.511491
81.870368,82.606149,56.675771,351.293191
76.78908,83.140348,58.088019,349.738643
77.450679,83.2553,56.875507,350.83276
80.841864,83.42666,54.173974,349.508837
83.090593,83.256681,53.132255,349.396721
82.657931,83.25681,54.163268,350.641966
84.815984,83.751485,52.27995,349.637344
85.590452,83.925398,54.771083,349.350661
83.673267,83.601048,54.080457,350.864395
85.546526,83.409912,53.468808,349.970251
84.467855,84.246882,52.04914,350.868165
84.860981,84.251091,52.214722,349.385902
81.478055,84.343666,54.855982,350.22907
83.672392,84.132404,56.766323,349.714711
85.960234,83.719438,59.967167,349.872231
84.056606,83.634627,57.59779,350.507066
85.997655,83.327014,54.725322,349.224776
85.833813,84.126405,56.83385,350.600004
84.832587,84.676481,55.466089,350.227103
82.281672,85.699521,52.018446,350.29906
81.351541,83.707198,55.147737,349.140525
81.339917,83.464268,52.962874,349.388361
83.10024,84.856939,51.615484,350.449532
85.932864,85.381515,52.633546,349.398032
88.351748,84.731917,48.24457,349.530146
81.014831,83.537535,52.424545,349.98107
81.364227,80.534597,55.24592,349.364266
83.696202,81.724558,58.127643,350.498542
79.06324,76.888743,58.369784,350.104332
80.456418,80.013331,56.070151,350.09335
83.676054,82.48265,54.909625,351.125345
85.053054,84.527179,55.14968,349.69078
85.676287,80.565031,53.549454,349.219695
82.140423,83.378318,50.622352,350.662947
83.695351,82.456836,53.250437,350.243494
86.589669,83.798821,50.989983,349.339023
85.267443,85.202714,52.348505,350.811288
83.284918,84.558933,52.731188,350.116298
86.880822,82.524115,53.062256,349.736348
79.792036,82.286462,53.58068,349.721596
81.546138,84.991315,53.9292,351.876557
77.719225,84.013734,57.495827,349.671766
82.907354,84.266507,55.174779,348.772049
81.851369,84.43229,53.805708,349.786013
83.380564,82.674883,54.324614,350.616068
82.992011,84.158415,55.855837,349.328369
86.696906,85.378971,44.613381,350.313976
85.534639,84.166258,49.10164,350.78752
83.027874,84.674137,51.859444,349.546373
84.923109,85.523596,55.799699,349.490806
85.107352,84.572714,55.53489,349.878296
85.276253,85.806357,55.550623,349.252149
82.12918,85.627944,56.508148,349.732086
82.321714,84.036213,57.550947,350.544766
77.890166,83.825142,56.954087,349.57391
85.742668,82.626533,55.369504,350.176781
84.450213,83.769408,54.715179,350.684255
86.422686,83.205098,54.444434,349.339515
83.517951,84.344043,53.794428,349.461958
85.713165,83.47598,53.248258,350.937665
85.540684,83.675462,54.899879,349.992216
85.05932,79.420144,53.475727,349.795356
83.380455,82.208672,53.693752,349.383116
81.937931,81.585685,56.757597,349.948943
81.094768,83.547828,55.04352,350.421339
80.421377,83.21781,54.670618,350.020081
84.330951,81.612675,52.904242,349.752247
83.402114,84.323072,55.70881,350.007787
85.162665,84.739064,55.499164,350.73474
87.360075,82.52032,54.350947,349.752083
80.648586,84.643621,56.325063,351.007
84.411554,83.450609,56.590035,349.432454
81.616096,83.544594,57.219475,349.798799
84.212989,80.673275,54.161585,350.995362
81.945848,82.880855,54.287375,349.449009
83.876102,84.8404,54.418556,350.166783
81.162784,84.409121,54.135196,350.513622
79.479042,84.803816,56.109366,348.8722
84.910156,83.120755,51.369242,349.510476
84.975147,85.250166,55.33229,350.282341
86.472192,82.598515,56.182439,349.831089
84.962596,82.991832,55.582801,349.006936
83.880166,84.038474,55.767006,350.845382
83.183533,82.41491,55.9888,349.381313
82.429699,83.569839,55.515708,350.472152
84.286938,83.969365,54.213368,349.959761
82.851972,82.699874,53.213874,350.543126
81.803941,83.690199,53.438702,350.496083
86.805809,82.779271,53.876488,349.315092
82.566587,82.570696,53.762625,349.877641
79.376749,81.747468,55.994339,349.436715
82.089279,83.065467,47.009269,350.305125
81.116507,82.805994,50.057567,350.055158
82.975998,81.975595,52.997832,349.838138
81.400497,83.741641,55.683426,350.181043
81.528467,85.487873,57.866996,350.412816
86.953196,84.487036,58.927909,350.279063
87.167568,85.375117,60.180852,349.293783
84.657324,85.320407,59.715274,351.107314
84.596989,84.935418,58.604708,349.905834
81.456543,84.080175,58.583799,349.417374
81.926387,84.16196,56.961107,352.060631
83.891733,79.427821,55.777567,348.893344
85.59931,82.651973,56.146583,349.556535
80.961192,83.455167,57.604036,350.088269
82.140791,83.973821,52.43259,349.058568
82.853406,84.069357,55.180746,351.300567
84.432918,83.373456,55.351289,351.163536
85.156154,83.912511,55.678473,351.101086
83.270195,84.041369,58.026253,350.099087
84.393585,84.553159,59.160374,348.837122
83.110394,84.200162,58.335888,350.894555
81.945023,84.780816,57.477428,351.362526
84.562821,84.589493,58.112677,349.654227
85.508276,84.268355,54.252991,373.683676
84.752069,86.217927,55.871184,373.682857
88.965797,85.946409,57.750928,374.780744
82.29487,86.31671,51.549699,375.688329
84.485022,87.90526,55.910352,374.541104
86.960448,87.108508,56.517617,375.529334
85.233249,87.245233,54.168572,373.977736
86.628449,87.483375,55.708165,374.967113
86.76698,86.348756,54.756896,374.492094
86.881998,86.16384,59.00747,373.687282
84.880545,87.435908,55.129951,374.445871
87.315418,88.178451,56.342362,374.911875
88.324999,88.931934,55.615339,374.607161
88.491752,84.487846,54.41445,375.635058
88.136242,86.943094,50.365151,377.050117
86.051411,88.052269,51.868273,374.447837
84.427608,88.105597,54.921989,375.010386
81.203065,87.851818,55.216205,375.109226
80.586927,87.327895,55.819406,375.326082
89.176569,86.204606,56.708603,375.040054
86.871807,86.673767,54.259409,374.525204
88.554205,86.08908,57.869055,375.701934
86.822456,87.512467,60.027121,375.814542
86.05377,87.022361,57.248105,373.916432
87.299811,88.078851,59.516612,375.860929
88.725827,87.44416,61.343684,375.055954
85.979117,85.607815,58.824126,374.477178
86.408567,84.454224,56.893436,375.207409
89.305034,80.528262,56.087586,374.191642
90.14334,83.312046,59.324037,375.467375
86.548983,86.08469,58.698726,376.775891
86.653225,87.060897,60.059309,374.236554
87.994499,87.52872,59.163767,375.097752
86.804554,85.729222,59.31682,374.660432
88.702088,84.137054,57.680333,375.486225
87.62016,86.267055,55.484592,375.238225
87.796304,87.727511,56.63104,375.00596
85.9915,85.796701,58.700734,375.076935
90.582696,87.658699,57.120278,375.416562
87.920205,88.234501,57.479162,375.634894
88.346589,85.61178,57.782936,375.335917
88.756986,89.13185,59.058365,373.507142
87.078185,88.179937,59.439533,374.604538
83.885363,84.949996,57.967688,374.324903
86.018839,85.953172,56.836656,375.290513
90.028908,87.553624,55.858466,375.724882
86.829485,87.92305,54.826734,374.411285
82.35141,88.215599,56.160796,375.351816
89.118071,88.769662,53.027932,374.659449
88.09562,88.400908,53.881423,373.878404
87.647099,82.337241,57.041374,374.023959
87.808901,85.265756,56.358505,375.213638
87.094145,87.324807,49.760806,374.551266
87.339092,88.534332,52.931065,375.76668
91.317804,88.232223,57.655644,375.489995
90.289111,87.772424,60.448828,374.157876
89.779829,87.617173,59.058081,374.793857
82.772867,88.911997,58.429314,375.197411
86.404655,89.815491,56.645611,374.99629
88.097149,88.713247,59.223433,375.067919
90.512441,89.468677,58.607497,375.049561
88.447341,88.694683,55.026105,374.60126
87.184429,87.49278,58.739638,375.774384
80.974644,85.651608,59.473659,375.764385
77.271551,85.05302,57.884083,374.645516
81.572212,87.069967,55.317148,374.722883
87.177917,88.697243,56.658186,375.457048
87.249749,88.209553,60.323563,374.720588
85.330751,88.025004,58.580467,373.582706
87.669906,87.228621,56.76047,374.009371
89.16408,87.456917,54.39959,376.005501
89.163992,87.901632,58.88017,375.034809
85.225904,87.201768,56.300578,374.462754
83.281178,87.699436,56.28102,374.680266
83.560838,88.668024,56.564755,374.780744
86.949307,88.071893,58.346269,374.709606
89.332841,86.423989,60.781642,374.138206
88.807001,88.132907,60.431602,375.319853
88.654238,88.277724,58.75914,374.702886
88.811747,88.420244,57.379419,375.038579
89.283715,88.933859,59.010352,374.531761
88.64517,87.807606,58.208203,374.989405
87.479878,88.932929,54.004871,375.379518
86.102635,88.319705,52.896244,375.633091
85.80293,87.473585,56.078106,374.552578
87.723792,86.930336,58.248541,374.549299
87.257711,89.018271,56.282153,374.170005
86.866751,88.790004,56.564116,375.879452
87.926098,88.93469,58.574312,375.488847
88.514216,87.634263,55.649174,374.716818
82.991673,87.164346,54.133,375.023991
87.227035,88.023169,55.746694,374.90204
88.401085,89.197243,56.175641,375.115454
88.258536,87.658157,59.114038,373.823658
85.23675,87.886651,55.119313,375.517204
90.148462,88.230669,56.665415,375.067919
88.996654,86.72543,53.669557,374.631256
80.656357,87.765839,52.710144,374.612242
86.211818,87.867466,56.806067,375.113651
88.238424,84.727745,58.631657,374.734357
88.701177,85.055425,53.505833,375.78848
88.986923,85.832584,56.006309,373.637125
85.060385,84.775266,58.320567,375.184461
85.339011,86.253276,55.352495,375.833228
89.097944,84.951465,56.437145,375.322968
88.238428,86.969394,53.045044,374.767795
80.07775,86.709561,56.113501,375.829458
88.957253,88.424377,59.881025,375.245765
87.653656,89.10296,57.054397,374.65322
87.778099,87.412423,57.155478,375.573099
87.342454,88.772487,60.000133,375.509501
82.418864,87.726851,58.230765,373.6981
80.000284,87.296246,59.022302,373.600081
83.879482,84.338185,56.191953,374.907121
86.722324,86.74437,54.554198,374.346212
85.715967,86.365261,56.741973,375.541955
87.878205,86.424045,56.549028,375.241011
86.696907,86.191513,56.275474,374.755174
89.970173,88.026379,54.157329,375.641614
88.266383,87.796571,53.423928,375.730783
84.820903,87.938191,52.698511,374.617487
83.835168,88.448251,56.052306,375.163153
86.257819,87.221218,57.947351,375.007108
88.224585,87.748687,58.384281,375.509664
89.747783,88.288782,57.007341,374.151975
90.089417,89.63939,57.666552,375.064805
91.492474,88.845913,59.435131,375.32936
90.528312,88.669367,58.103107,374.040186
85.061918,84.515654,57.091105,374.986127
84.459747,82.768022,52.799026,374.028876
86.153549,85.004051,57.191998,375.421807
88.744678,85.781008,57.741803,374.51914
86.223955,87.249517,58.315992,375.032514
80.320572,88.112229,52.836289,375.470817
84.357579,89.556161,54.724824,375.129715
85.271946,88.753278,51.845081,374.34572
90.889368,90.405838,54.628477,374.404728
85.376722,88.132254,55.941162,375.033334
85.191449,88.503253,55.605649,374.57405
87.27964,88.836924,56.185959,375.44246
85.221609,87.817523,53.056196,374.931872
85.711668,87.781806,58.416025,374.179184
90.447898,86.874755,52.746909,375.125781
88.459357,89.011909,55.532086,374.457017
87.141277,87.197157,57.468964,374.756977
89.063296,87.231094,58.668136,375.531629
89.954155,88.625877,58.037619,374.960065
84.326723,87.589286,57.216741,374.646828
82.812646,87.696057,57.705948,374.780416
84.85737,88.323077,50.062065,374.528974
85.419132,86.457801,56.424159,374.950066
86.798387,87.130396,59.852381,374.099359
85.280654,88.193766,59.079197,375.474751
85.461394,88.187034,58.42058,374.485701
87.602927,86.967431,58.96224,375.669152
89.655731,87.570449,57.950807,376.315951
90.838847,82.113083,55.370949,374.507993
88.894738,83.779392,56.959564,374.718457
81.175415,85.747339,56.28341,376.050249
81.141299,87.587917,58.221629,375.954032
89.507076,87.364792,61.121524,374.316707
89.644168,87.934436,58.011856,379.22442
87.094135,82.239836,59.240508,398.564324
90.307641,86.7585,57.541761,398.845762
90.118541,89.201831,59.572435,400.557667
91.012858,89.683148,61.214991,399.892181
90.749691,87.686627,61.438937,399.400279
87.757551,90.923044,63.947667,400.360152
89.051422,91.451292,49.885186,399.926275
93.021851,92.329465,52.825985,400.046915
92.999648,92.391088,59.814091,399.534196
89.904626,92.370602,58.37735,400.250003
92.260797,90.978335,58.867447,401.188239
91.030361,92.542048,58.531435,400.630608
92.570106,90.881979,56.057201,397.910476
89.47201,89.988112,56.186289,400.124609
91.424751,90.046033,61.435081,399.437815
91.614872,91.42406,57.764375,400.078058
90.657564,92.042413,59.991084,400.863364
92.872925,89.358983,59.794714,398.584649
92.160233,90.822111,62.876636,401.924044
87.870865,86.154507,62.929215,400.506034
91.735419,89.790309,61.541023,401.651949
92.274713,91.12365,59.705989,399.240136
92.491763,91.737303,56.386707,400.642738
92.687908,91.816069,59.181876,399.770394
91.176986,91.010173,52.578931,399.454534
88.633911,91.234488,56.907175,400.346056
88.729084,90.486595,59.195236,399.708763
91.148004,89.738158,61.486717,400.313765
95.883659,90.518628,60.044764,400.331959
91.600991,89.696294,62.920277,399.166539
92.714314,92.161307,61.259113,399.05934
91.301754,90.933739,62.061782,399.391428
91.012303,89.464578,61.819091,400.133789
91.214726,87.642281,61.342207,400.536031
90.85557,89.416873,60.98105,399.441093
91.186091,89.710835,58.496756,400.970399
89.874204,90.369692,58.021612,400.825337
91.854657,90.169719,61.534324,400.526196
93.32497,91.387664,61.97379,397.146642
91.576888,90.226056,56.29779,400.583565
91.031759,89.841367,57.22089,401.38723
90.738465,91.212399,61.076719,398.674801
91.178302,92.313152,62.402062,400.505543
93.159396,92.826448,61.273248,399.512723
94.470081,91.580076,61.772519,400.784194
90.64279,92.092396,61.849832,400.099203
87.236507,92.321094,58.962426,401.719317
90.89947,89.948211,59.718207,399.457976
94.087354,91.767468,60.406882,397.968665
91.901669,91.493535,59.151159,400.911719
81.049852,91.011951,60.189852,399.719417
83.209872,86.294071,60.452569,399.831042
92.203355,89.727592,60.856743,401.597366
92.742748,88.624364,61.331403,400.697157
90.742648,90.556869,61.918642,400.908276
89.372071,91.361291,54.171329,400.803536
92.708391,92.947154,58.107746,398.901984
92.838316,93.225958,63.061428,398.509905
91.948699,91.570711,61.307227,400.768131
84.573504,91.89556,62.012492,398.687258
92.648303,90.455935,59.377011,400.192305
91.52002,92.082262,59.355823,399.314389
83.728118,90.729987,58.603818,400.770426
87.164002,90.397944,60.562035,399.608284
91.966101,90.829013,60.210112,400.376871
90.742331,89.928799,63.707484,400.193125
89.844433,90.689555,64.695613,399.563044
89.036464,90.971405,61.655381,400.051177
87.533127,91.135736,58.092717,400.204435
80.27661,90.974462,61.273333,399.784654
82.833539,91.642583,62.37139,399.807602
94.076229,87.77464,61.57972,400.519475
91.0007,90.642193,60.112937,401.905522
87.330741,93.252838,61.234515,400.575697
91.117531,89.32297,57.889578,399.560913
92.086751,86.673715,57.85199,400.028229
90.943562,87.262868,58.855306,399.334058
92.268982,91.90839,56.894276,399.959385
91.69105,91.343257,58.761201,399.607137
91.446911,90.943202,60.456479,399.538785
89.740456,90.928416,59.883301,400.144935
89.337775,93.070668,53.989656,400.659621
92.022696,93.158009,54.170645,400.285572
86.586938,91.992519,51.630255,399.572223
87.437759,91.428437,51.043735,400.134116
89.823311,92.085738,54.101632,400.246397
90.675811,90.726353,58.968077,399.388805
91.941782,85.020773,57.904946,400.579795
90.790352,85.714042,60.355561,400.351301
91.985932,88.640903,60.272117,400.380477
92.213392,91.135568,60.629848,398.739055
87.55061,91.860906,58.281111,399.920702
93.499096,88.81862,56.194786,400.321469
92.432756,90.154153,60.938897,400.374249
90.115645,89.129336,58.374696,399.915293
91.047416,88.861675,61.89717,399.731383
90.742154,89.91888,59.36069,400.150672
92.727893,91.828791,55.531346,400.859922
86.437205,92.517462,58.968394,399.626151
90.508219,91.166918,57.315683,398.741186
89.135688,91.137361,57.233538,400.703713
90.300908,91.939896,59.911651,400.339171
92.607701,93.682066,57.449341,399.527311
88.071755,92.026771,56.456904,399.498627
89.005766,91.257397,53.390478,400.714204
88.567303,93.310176,57.115794,400.084615
88.460238,92.465799,55.151603,399.660408
94.207909,90.629889,52.576333,401.254952
93.510734,91.117655,56.370568,400.103793
92.413388,91.559984,60.834132,399.388805
90.985825,92.390567,60.688357,400.359988
94.797331,93.495281,64.736907,399.972826
92.769682,91.238782,62.838315,400.053963
88.596674,91.780962,61.305131,400.774196
91.084725,91.682123,60.526187,399.843663
91.887156,91.630494,59.091744,401.212171
89.998242,91.062126,57.565572,400.610939
90.312156,90.67543,60.395148,398.830682
90.803465,90.029425,61.769832,400.385395
90.895565,89.208483,62.624703,399.491742
88.266849,88.771106,62.477692,400.00692
88.956516,91.734511,58.47989,399.502724
90.532209,92.160468,60.661023,400.083795
90.895115,91.062202,54.806548,401.241511
94.095235,88.779242,61.296286,399.597302
91.222693,91.434418,61.347569,400.176898
88.74675,92.745906,63.31355,398.869202
87.330203,91.776631,62.458701,400.806978
90.917909,91.213936,60.393625,399.931192
93.331835,90.523617,62.131045,400.0974
92.761783,89.972361,61.862791,400.029704
91.518937,91.145338,60.16799,401.332319
91.880578,92.740032,58.33615,400.870085
92.158874,91.964401,57.85096,398.803964
91.555187,91.987442,58.272466,399.742201
89.524791,90.913258,60.824087,400.168866
87.140123,89.920302,62.389559,400.479972
90.471251,90.236612,61.233799,400.536686
89.41909,89.319986,62.303463,398.411721
89.025656,89.753103,63.379614,401.169717
91.427739,90.541877,61.137644,400.241315
90.288039,89.323455,61.950483,399.067372
89.857881,83.859278,60.800219,400.30393
92.786196,88.207878,58.716477,399.95791
93.334686,90.752345,62.739908,400.687978
88.916356,92.041151,61.171175,400.737152
91.79759,93.297368,61.346756,399.971351
90.816804,91.730039,57.852948,400.997609
87.842535,90.809284,54.051704,399.723679
91.149773,90.002781,58.498031,400.263935
90.096614,91.530843,56.71816,399.803504
80.006714,92.374768,55.702669,399.877429
92.622785,92.51217,57.132867,400.198534
93.764944,91.591529,60.856836,399.757445
93.649824,90.804253,62.127725,399.165556
88.224065,90.993056,57.491841,400.748298
92.337391,90.420599,47.756243,400.31901
91.270252,92.261419,55.886169,399.951354
90.833786,92.703994,59.57456,399.821207
91.840588,92.07806,57.599241,399.957255
88.615202,92.806384,58.466014,398.376644
85.376172,92.472692,58.894224,400.415882
91.09675,92.909127,60.047887,400.283277
91.943395,90.05623,61.201105,398.936406
93.692138,91.345855,61.175897,400.10789
91.974172,91.857017,61.528504,400.359333
89.151151,90.482128,62.22984,399.795309
94.576076,89.659473,60.242361,399.429947
93.943588,91.045516,61.608733,400.099859
92.717279,91.617806,58.784113,417.115152
94.956683,92.651633,60.404135,424.41763
95.792183,93.668264,60.682088,425.920874
94.096828,93.950601,54.867757,424.370423
87.493357,95.057304,56.980629,424.407303
86.217667,94.444266,60.126896,425.223097
94.20098,92.40723,63.331406,424.537286
94.753144,91.315498,63.731641,424.122423
92.831709,92.070129,63.478622,424.224049
91.693084,93.559067,64.85382,426.228538
87.717709,91.741256,66.328107,425.058857
93.694855,92.839823,59.969516,423.780173
97.376835,95.174701,61.375414,426.399663
95.861537,93.157668,62.73523,424.431071
96.39972,92.976325,65.281401,425.0305
95.218228,95.511841,63.577428,426.076591
95.860015,95.481875,62.991779,423.433498
95.313691,93.897942,62.282997,424.689561
95.108291,94.070171,59.972573,424.027517
91.925886,95.377377,61.366607,424.836591
95.868616,94.698083,65.295574,423.89442
94.553599,95.496551,66.862942,425.486505
96.258055,96.938893,66.465748,425.614029
96.402097,94.757119,63.659396,424.71382
93.81789,94.884564,60.792525,423.327774
95.024756,95.520221,64.353699,425.844491
93.45616,93.324917,66.285465,424.30158
94.655117,93.438923,66.146734,423.534796
96.084629,88.264109,66.161117,425.133273
92.534028,92.512821,65.572788,426.170185
94.034261,93.129772,61.064009,424.923956
93.936428,93.754566,57.464186,424.690381
96.498605,95.278024,58.625396,424.803972
96.682809,95.492039,59.93782,425.876781
97.088818,93.809171,57.296261,424.458772
93.920708,95.663416,61.658002,425.945625
90.982099,95.655379,63.564834,424.333215
95.143201,95.843042,63.828246,425.682381
95.69102,93.646508,66.27626,424.346983
96.08196,95.240547,65.907272,425.595343
93.446318,95.016831,65.869782,424.187168
93.209012,95.560819,63.374951,425.853506
91.226969,94.228087,64.401814,426.071182
90.959575,94.366444,66.050075,423.630685
94.505986,94.892886,65.610298,425.89514
97.115607,94.530261,65.675491,425.93579
97.043256,94.581008,62.615743,424.871668
94.574189,91.119864,62.767253,424.941331
94.07413,94.845845,60.897532,423.613146
95.814531,96.351875,61.121299,425.381273
94.299268,95.686397,63.041276,425.439134
96.191598,95.635703,63.49334,425.587311
90.413761,95.462417,62.5028,425.082132
94.24624,93.955671,63.265505,424.82987
98.993136,94.800135,65.518926,423.621178
95.927254,95.962058,61.191335,422.883078
96.361893,96.036483,63.747269,425.415203
94.283211,95.294439,62.407474,424.687922
93.454891,95.821244,64.057084,426.306561
95.253339,94.403128,63.091892,424.580559
94.802462,95.383736,64.69637,425.310954
93.704814,95.474683,64.502626,423.92917
94.090809,94.783038,64.279819,425.656319
94.629846,94.635894,63.264639,424.639404
96.966789,94.933677,64.706104,424.588263
96.636929,95.019481,61.334052,424.295351
92.80765,95.331906,63.849961,424.722344
94.545703,94.296255,65.676499,424.534991
96.755861,94.314961,64.45092,425.171629
93.260512,95.206524,61.147315,424.521059
92.630515,94.813316,59.428829,424.943134
95.049462,94.784443,59.957141,425.207525
95.063569,95.30138,63.107874,425.616324
95.5138,95.184586,64.833718,425.044924
86.025895,96.541621,66.001167,425.565347
93.197048,95.24182,65.337256,425.305709
95.581392,95.222172,64.510719,425.64337
93.114001,95.892454,64.819014,425.064757
93.253805,95.464266,64.864671,424.635962
91.80717,93.657246,64.393763,426.187888
92.773678,94.432022,63.890775,422.935203
96.652486,94.04371,60.20519,423.847213
96.322279,96.010869,62.860856,425.648779
95.025256,96.150068,64.262524,426.314428
93.34554,95.564543,67.194172,425.407827
92.44051,94.628497,66.199004,423.68871
91.90409,94.511409,60.813947,424.930349
91.114198,94.573637,62.265304,424.077019
93.533827,92.40946,59.719682,425.593212
95.55898,92.277103,60.567851,424.610883
91.295864,93.309484,63.94055,424.93543
88.678957,95.544815,59.808867,425.179169
95.378875,93.043038,57.707017,423.399076
97.368857,93.477708,61.157208,425.113767
96.282829,93.377642,61.338754,425.736636
95.796639,94.449895,64.357474,424.725458
92.748132,94.473507,65.262502,424.629077
93.801372,94.544818,62.752084,424.514994
95.409831,95.193302,61.96039,425.906613
93.04426,93.699973,62.642213,425.316855
91.356751,94.773875,64.469054,424.709558
88.496433,95.237546,64.198619,426.108062
84.51773,96.333239,62.546067,425.016731
96.328663,91.440238,64.327157,426.785022
93.527915,94.819482,64.012675,425.540268
94.572452,92.67876,65.990371,426.271975
95.151483,94.17589,65.650235,424.877077
93.63107,93.572683,66.032071,424.458608
89.231688,93.409901,64.700837,425.827116
87.591987,93.112695,64.992547,425.323084
95.097567,92.36225,65.611816,424.087182
98.804574,93.102552,66.035137,425.935954
94.113496,89.622453,66.073702,425.964639
94.023062,92.162315,66.570085,425.314233
93.50967,91.660365,57.364558,424.931988
93.097034,94.890858,60.059142,424.281582
94.310619,94.403283,61.49647,424.678743
88.951035,92.880906,52.721247,425.405532
89.088064,93.639073,56.393278,424.452379
94.22053,95.131995,63.79566,425.762042
94.051087,95.633473,64.881803,424.703658
92.63077,94.470967,66.417025,425.077543
94.109161,94.2175,63.040091,426.318526
97.23863,92.773853,63.966186,425.737292
94.837186,91.887398,64.815328,423.226148
95.522026,94.415097,65.227188,424.715295
96.464771,94.669659,65.303546,426.980734
94.578435,94.375831,59.698091,424.874783
96.124652,95.631992,56.180807,425.872192
94.090928,95.849725,60.950323,424.081936
94.649307,92.935022,56.220224,426.347539
94.192619,91.921611,59.292945,426.15822
94.078504,88.527136,64.362775,424.983621
96.353349,91.529852,67.030486,423.956543
97.392013,93.570036,67.880774,425.304726
95.816036,92.914968,65.307938,424.566627
95.424009,94.20779,62.952507,425.347507
93.905769,94.533678,65.592129,424.990997
89.219658,94.623445,64.039835,425.773844
85.187488,95.622838,63.873653,424.912646
97.162017,95.763554,62.763261,425.184578
96.897773,93.114781,59.917279,425.368324
94.036185,94.435262,59.616673,425.845802
91.415284,95.049836,62.104188,424.069479
92.211286,95.600637,65.920288,425.024763
95.266445,97.052136,66.239868,424.4214
94.324213,91.996051,65.596859,424.967557
95.054295,94.954711,65.850184,425.100982
94.989923,95.879568,65.671362,423.697561
94.791909,95.61222,63.727395,424.97313
94.054805,91.596639,66.229508,424.885929
93.12338,94.158888,66.259588,424.94674
95.129251,94.566477,68.050211,426.159203
96.241074,95.785581,66.594245,425.423726
91.338426,95.44457,66.41676,424.150616
94.703266,95.451803,65.002765,425.883502
93.406254,94.0008,58.511151,422.596231
94.330893,91.43626,63.215581,426.251978
92.767884,94.613156,64.606623,425.127044
92.759289,94.136971,65.658446,423.463002
94.466531,92.804023,62.607622,423.666418
93.087684,95.288985,62.540254,424.064562
93.2433,96.237406,65.307496,425.833836
95.431309,92.15178,66.266725,426.516697
94.2174,93.742031,63.794847,425.366849
92.388824,94.306454,64.972372,424.908057
96.722954,94.610904,64.571176,424.216345
94.182564,92.697057,62.253352,426.325575
93.949574,95.233343,64.88047,432.385102
93.698896,95.619554,64.915245,447.541952
97.962257,96.479908,66.314475,449.268445
97.148172,95.733415,67.842856,449.430883
97.432527,97.304744,69.073894,450.272411
96.37881,97.959673,69.358433,450.493202
95.407458,97.625738,67.09661,449.348763
93.705261,99.158656,66.389578,449.043557
96.044149,98.436099,67.181365,450.138986
96.078479,96.029753,69.299497,450.264707
97.968423,96.274213,70.214424,451.384231
99.192097,97.458023,68.159225,449.588895
101.177113,98.261322,67.751502,449.896395
95.464859,96.996723,62.390261,451.192945
97.389947,97.595184,65.419037,448.890463
93.922651,97.336113,64.233685,449.859679
97.835667,96.725715,63.896902,448.895872
98.393385,97.814895,65.867097,450.862169
91.498676,98.091677,66.890915,450.881839
100.770315,98.594589,69.031016,449.87984
97.444604,93.627614,66.776514,450.723663
96.666702,96.87824,68.851097,450.241104
97.881013,98.209919,68.161419,450.142264
99.937309,95.42303,63.046284,449.961796
91.97849,97.494781,64.425984,448.75671
88.618663,97.698896,66.402765,450.877413
96.912664,97.566884,64.864599,451.032475
98.807948,96.742005,66.255057,449.869841
98.023756,95.372909,64.742494,449.91672
98.558663,96.23355,68.013982,449.814767
99.332749,97.979448,65.234927,450.199634
98.666588,97.506627,66.792033,449.852303
96.479046,96.576145,67.481033,449.767232
95.996339,93.10574,66.113759,451.352432
95.236064,95.954109,69.286118,450.102925
95.922051,97.669477,67.712519,450.632364
91.556001,98.089864,67.032146,450.783983
96.262213,97.456771,65.079663,449.778214
100.817247,98.724603,66.161409,449.217796
100.190772,98.712559,63.343614,450.689077
98.078574,98.620417,61.888674,449.181736
96.59071,99.462415,61.262345,449.632004
97.117624,98.259964,62.085028,449.621841
99.085762,100.237283,59.756898,450.882494
96.497478,100.312653,63.823408,449.327618
100.66911,100.033603,68.475453,452.042669
93.444951,99.530689,63.488407,449.056342
100.133314,97.195316,67.5041,450.341418
100.017575,97.472468,67.198518,450.123414
98.604742,99.327523,69.659992,450.124234
102.190063,99.676719,68.93503,450.189307
98.45197,96.232827,69.085186,449.544147
96.915459,97.106955,67.672229,449.762478
99.214838,98.247208,66.719039,448.581487
97.668558,98.347257,68.225208,452.624559
92.557029,98.344824,63.606723,449.274182
99.504405,98.080429,65.385674,450.389281
98.206117,97.632861,66.536522,449.412853
95.840168,97.886275,67.555119,449.63643
95.006606,97.682209,64.519651,449.771002
95.200891,97.700408,66.366521,450.401902
101.168187,99.133821,65.627348,450.505003
99.410251,98.686573,68.392633,449.370071
95.249086,98.323744,65.58431,451.154917
91.292258,98.930789,68.474854,449.313521
95.720338,99.346811,66.985966,449.397936
94.868025,96.328974,65.067106,450.148985
99.469676,95.573844,66.115552,449.352533
92.383042,96.630102,66.370182,449.684292
98.483799,96.205888,67.404306,450.672522
98.898083,96.367726,69.359351,450.074732
99.393372,96.413147,67.583332,449.547097
98.067918,96.617563,64.829279,450.36076
98.187262,97.774119,63.120474,448.817357
98.628724,98.631212,65.789081,450.646952
98.087046,97.787738,63.900148,450.416818
98.50374,99.235037,68.1079,450.611547
98.578197,98.938308,68.508749,449.473992
98.088299,97.81656,69.612853,451.101482
96.972015,98.519728,68.461604,448.750153
99.951755,98.236594,69.077882,450.216189
98.409525,96.92844,67.237203,450.58991
97.031085,98.67919,67.41441,450.749889
97.417923,97.72647,68.01726,449.36876
100.189451,97.506209,68.967472,450.230286
99.42848,98.789867,67.540526,451.230973
97.862529,99.087432,62.613192,449.807882
97.865894,98.338163,64.022425,451.477662
98.532078,96.36059,67.026623,450.27487
100.1287,97.355314,67.954916,448.209077
99.324298,96.851135,64.056797,450.171441
97.224411,97.697538,65.692212,450.004905
95.366891,99.08943,64.725649,448.787197
94.681289,98.278327,68.116145,449.264839
97.138707,97.775712,65.903535,451.408654
94.422313,98.591372,64.428434,449.811324
100.5996,97.179469,63.704789,449.876398
98.466808,97.171297,63.91047,451.506674
98.298053,97.805253,68.65469,451.340303
100.420262,98.936698,67.19934,449.597418
98.208217,98.953517,66.82811,449.524149
96.706354,97.797301,65.911195,450.453207
97.523465,99.359587,65.247603,449.526772
92.338253,99.106232,65.32703,449.750513
96.539707,98.330582,67.108225,450.957566
97.184105,98.310111,43.254683,450.083911
96.755553,95.300372,56.598429,449.34614
98.738067,94.992054,58.946913,449.316308
99.957896,92.784768,66.095514,450.697765
99.846028,96.15849,68.497925,449.481696
100.094339,95.97406,66.947381,450.955108
97.184948,97.933162,69.012054,450.179309
95.771539,99.494757,68.905368,451.497659
95.234398,98.125578,67.99038,449.808866
96.081819,99.142114,68.111797,450.292245
91.551382,98.002183,62.237446,451.400951
98.509187,98.389344,67.837111,448.435768
98.100571,98.028172,65.822946,449.760184
101.574507,98.896638,69.031108,451.053292
95.493582,97.194679,65.07232,448.783919
91.177301,95.888357,64.711973,451.145247
98.615061,97.808275,67.642019,450.811356
98.69821,97.152283,68.492867,448.066965
95.77555,96.959209,66.729269,450.049162
97.046917,97.698601,68.135572,451.11607
102.218872,98.000805,70.590123,449.282378
97.468965,98.671921,69.89845,451.166719
95.475041,98.860353,69.699239,449.675113
101.10741,99.317719,65.606088,449.068636
97.922033,98.254956,69.046899,450.614333
97.536616,91.649778,69.410956,449.2632
98.221206,95.572176,62.07398,449.353352
97.550215,98.431284,65.737964,450.475991
98.126046,99.122729,66.036985,449.669868
98.648159,99.475181,66.891778,451.137051
97.563014,97.688542,66.252832,450.564504
89.680866,96.142449,67.960125,448.510677
95.964511,95.196384,65.352458,452.184126
94.887886,96.714392,64.32983,449.510872
94.698373,95.713001,66.839656,449.082732
96.674449,97.656566,69.42872,450.081453
94.442637,97.351201,69.33298,450.92544
100.080108,100.032266,67.342798,449.762151
95.406829,96.466212,62.250873,448.504612
99.238466,98.019151,66.081914,448.745891
98.397931,97.652056,67.419617,451.454386
98.440961,96.580127,67.202175,449.731007
99.277535,97.81719,65.658713,450.165048
99.436442,97.249621,67.488411,451.475695
97.559344,95.80835,68.03835,448.378891
96.855932,97.863614,70.118591,450.528115
97.374306,97.4377,63.710669,450.571716
96.173177,98.262335,65.274172,448.591158
97.722633,98.323841,65.823777,450.167835
100.935456,98.248679,68.630986,450.23717
100.653733,98.56293,70.693177,449.641839
96.951414,97.459551,65.133763,451.172292
97.817533,98.589185,67.665072,449.96278
98.370515,98.921763,66.832375,451.431602
98.141173,97.724189,68.489933,448.906854
98.538493,98.458488,69.344465,450.537622
97.581299,98.116311,63.771833,450.694978
100.011138,99.390014,66.35391,450.158328
99.829982,97.509835,68.675548,451.092303
98.11991,97.694498,67.723072,450.582862
98.031121,97.667055,67.321058,448.957011
97.661965,97.691167,67.769736,450.73694
93.958187,98.330188,66.197027,450.057194
95.936149,98.328222,65.770443,460.287973
96.583966,99.437584,66.755953,474.212691
96.299673,99.204819,67.232225,473.461151
101.170481,99.68323,67.407686,475.485638
100.263149,99.843778,63.241871,475.452691
102.505218,100.070043,66.130851,475.121751
101.755484,101.318314,69.567013,476.100802
100.502201,99.49838,69.049748,475.010619
99.404053,96.254188,69.47745,475.278124
100.210242,96.697599,65.63446,474.912435
98.845326,97.710997,65.675374,473.993212
96.832453,98.763646,65.730066,474.577397
97.715542,101.294264,65.620545,476.051956
100.985344,101.668398,70.023713,474.965215
103.891754,101.871782,69.634766,474.571005
99.527913,101.915767,68.156785,475.634634
98.746758,101.346313,66.138542,475.260586
101.17686,102.27954,66.709138,474.376932
102.149172,102.92657,68.996969,476.205707
96.681513,101.294163,70.084241,473.958135
97.072194,100.703633,70.731741,475.590378
94.745251,99.802783,68.711728,475.19289
99.620724,99.660484,69.398522,474.015832
89.866648,101.341639,68.33082,475.699872
98.678328,101.698804,65.689985,475.122899
103.530506,100.896445,66.817082,474.300385
104.006877,100.001686,66.306486,474.191055
104.231978,99.558647,58.444418,474.836379
102.694361,100.074291,64.88627,475.427777
100.668372,101.651555,66.031731,473.539665
100.54819,101.418333,65.955703,475.685775
100.247105,100.35356,67.481298,473.748326
100.737275,100.823145,66.91374,475.529075
97.512886,101.474343,63.032449,474.711314
100.908772,102.317553,66.323893,476.002619
99.709243,102.729221,70.104487,476.842508
99.901618,101.788228,65.592311,474.996522
98.525074,95.979921,69.46907,474.529371
95.66926,98.083758,70.386037,474.744916
101.952281,98.49724,70.13447,475.019634
101.554869,98.819297,68.128245,474.485114
96.975582,101.275567,70.246003,475.376144
98.85247,102.80229,68.796271,475.679711
100.046314,103.483081,62.941521,474.409878
103.978447,103.10492,68.964796,474.335954
98.142933,101.937031,68.433034,475.720197
99.034757,101.892848,70.874824,475.286156
100.453654,101.52142,69.666393,475.573659
99.038079,102.145802,64.496951,474.243835
101.858408,101.7307,67.709549,474.90932
102.890951,102.548842,67.680915,475.203216
98.621689,101.971651,67.453961,475.483671
99.345429,101.801806,70.587251,474.625751
100.62228,102.050698,66.505802,476.045564
103.64334,101.802011,69.890895,474.708036
102.883554,101.175283,71.028527,474.462822
98.615144,101.266235,71.270248,476.313069
96.280542,102.418754,69.672986,475.041106
97.813182,103.274925,67.929215,475.032419
94.748687,102.446476,70.034373,475.693807
100.439149,102.228953,69.215922,472.784519
104.421132,101.460971,70.675469,477.031827
98.545548,100.633242,67.69927,475.220755
102.304563,100.606128,71.844259,474.375293
103.254971,101.794385,67.67724,473.946005
102.757627,102.518033,68.51867,475.647092
101.437166,99.505392,69.520342,473.449185
102.945091,97.211387,70.818645,474.556252
98.175572,99.595234,70.209289,476.487964
97.758527,100.080779,70.711783,475.456133
100.634406,100.603149,70.439858,474.783599
98.643202,100.227569,71.233037,475.065038
102.566447,101.905659,67.437177,475.357458
100.489523,101.886174,67.184309,475.036025
95.032224,101.176287,68.671408,474.96751
98.368965,102.41744,69.241333,474.004194
99.992548,101.601386,69.115408,475.342378
101.214881,99.781619,69.564348,475.789368
103.081102,99.865261,67.945218,474.968165
100.946703,101.389,68.478368,475.304678
102.244451,101.16833,70.15767,475.846902
101.280289,101.025645,71.385607,475.339755
98.692745,101.28453,72.009559,475.556776
99.0778,100.582759,73.588338,475.349098
103.247084,100.281723,73.454722,475.318938
99.423851,97.656691,72.484731,473.937973
101.096937,101.33889,70.020963,475.38057
97.961183,101.129095,69.658952,474.579364
98.512456,100.473066,64.845002,474.469051
98.74252,100.847322,60.568411,474.828839
100.922719,100.359892,64.50127,475.56366
100.777087,99.948275,66.961973,473.797664
101.964208,101.566482,69.051956,474.838674
101.730505,101.482191,69.15181,475.802645
95.744408,100.849783,67.566833,474.681973
98.395568,100.188702,70.683655,473.472625
101.463606,101.344795,71.624764,475.529239
96.687398,99.574369,73.474731,474.257439
101.27936,101.356293,73.375026,474.236786
101.398378,99.709534,74.0509,476.042449
99.007226,102.244474,69.486641,475.388438
102.082471,101.739158,66.377948,474.651814
100.978187,101.981747,65.60007,474.253505
96.634587,102.207017,66.761444,476.049826
96.277379,102.221342,71.343519,474.755079
99.30519,102.803565,70.574469,474.582314
102.928064,101.663689,70.186429,476.185217
101.654328,99.406362,71.795641,474.128604
98.877981,99.891482,69.020539,474.704266
100.909581,100.364783,58.966108,475.009307
98.34175,98.663031,65.80579,473.731771
101.076758,100.603197,64.241313,476.193413
101.601922,102.117447,61.521763,475.41368
102.658246,102.318863,62.372552,474.305794
103.365755,99.935466,63.659771,474.688694
103.004831,100.611063,67.333245,474.809825
100.718428,99.865027,70.68269,473.845854
99.901024,101.279517,69.682764,474.935547
102.000909,100.392173,71.143556,475.980982
102.250222,101.497619,67.275941,473.702267
104.384164,100.349884,69.863808,475.587428
105.527767,101.525129,71.076196,475.389749
103.776737,102.158784,68.784592,476.365522
103.266211,101.60677,70.316548,473.831922
101.231193,101.550461,70.07767,476.102114
100.246073,99.920653,71.963748,475.298449
99.217077,99.853832,68.995132,474.151224
101.227646,101.043105,71.783761,475.536779
101.744863,99.71502,70.679569,474.90342
100.688417,100.171513,69.308031,474.141717
102.620276,100.248084,71.334881,475.039795
99.77846,101.3009,70.382247,476.706788
100.903721,100.622556,70.286697,474.828675
101.468637,99.9466,70.619976,475.49662
102.847362,100.338137,72.291267,474.453315
101.286222,96.87719,72.201481,474.670008
102.132096,97.904388,73.206359,475.786582
101.232626,101.192365,67.980181,474.307925
103.433597,100.413225,70.141183,475.40237
102.661078,100.563118,72.9136,475.20633
92.787747,101.111044,71.096774,474.719509
88.315664,101.669183,69.748692,475.556776
99.767284,101.928296,71.528599,475.439906
101.750408,101.335082,72.893949,474.5574
100.261599,102.169731,67.207539,474.777535
101.273059,102.176123,71.065805,473.948628
97.974871,99.76254,69.695756,474.677384
99.487632,99.7807,71.178283,475.266978
102.343992,100.430468,69.176475,475.243539
102.57665,98.526713,68.584971,474.455938
103.366426,99.414677,68.849374,473.512292
99.867605,99.824522,72.451687,475.470558
96.765139,99.468595,71.111313,474.416599
95.845609,100.903755,70.380944,474.199578
101.937222,99.598309,71.545902,476.180792
101.910464,102.357131,65.840397,474.809498
96.495021,102.159308,66.256756,475.18535
99.776801,101.602086,66.657869,475.29009
99.293741,100.84683,71.594624,475.168303
100.606119,99.163781,66.160671,474.264324
102.242151,100.474978,65.781615,474.53773
100.837902,101.096743,67.234473,474.668369
100.99217,101.898872,70.071961,475.843623
104.914533,101.822115,70.282978,475.553334
101.979776,100.977107,62.752971,475.372046
99.127428,101.571722,63.684646,473.898798
100.862998,102.080564,64.901902,475.768715
103.260737,103.009929,70.214311,475.003242
102.320748,101.958175,72.199943,476.583198
103.070596,100.146985,70.927759,499.112681
100.966684,102.080137,72.788353,500.730827
103.323811,102.603172,74.326329,498.937622
104.654548,102.971278,71.678277,499.966502
107.436301,102.671373,71.694033,499.222994
106.520833,103.116894,72.221095,499.4151
105.696453,104.101433,74.148202,498.784855
102.504732,105.074782,73.566259,499.942407
104.450805,105.642062,73.06792,499.698013
104.219472,105.165861,72.88896,499.009743
105.394626,101.692957,70.238825,501.134381
104.825986,100.143899,73.041693,499.904215
99.26397,101.777521,74.425923,501.249939
105.164812,104.042486,69.146266,500.073701
102.682964,103.131845,70.238625,500.581667
106.43247,102.896544,74.708678,499.274462
106.090458,103.477066,74.77106,501.064554
102.342758,103.182658,70.265504,498.555705
104.300513,104.919701,67.263187,501.10504
101.198782,104.612626,73.68146,499.335438
105.560985,102.503229,68.239758,500.567898
100.828791,103.540022,70.039841,498.898119
103.203341,104.098396,72.136686,499.884546
102.280121,104.691561,68.042473,500.69657
101.444306,105.059927,69.389488,499.886349
104.903876,104.221269,69.729969,502.341107
105.118751,104.157385,73.193868,497.626975
104.781204,102.198636,74.643365,500.871137
102.362615,102.236704,74.713326,500.756726
102.495975,102.236551,72.891516,500.89097
105.156855,102.653351,69.474599,499.284297
105.993018,104.789476,71.565046,498.934999
100.864255,101.083936,76.097115,500.374809
101.990188,101.73739,73.557265,500.692964
102.280174,102.707335,74.343668,499.581635
103.030998,103.298693,74.322206,499.216765
103.390929,104.050152,76.425081,500.330389
104.61151,103.746043,71.209386,499.658346
101.696688,103.472516,72.588861,499.491647
104.701795,103.481118,69.577774,500.877857
106.394508,103.373185,73.47998,499.364778
103.552965,104.983545,71.396893,499.311835
104.035687,105.265207,69.491781,499.511644
104.053234,106.610232,69.846624,500.562489
104.695218,106.091098,69.480497,499.73473
103.24818,105.194411,74.56598,500.247613
103.264357,102.232071,74.027598,499.996826
99.768395,103.971342,72.366291,500.227943
93.340558,103.527006,69.815132,499.608189
90.764414,103.02795,69.695423,499.811769
103.767051,103.766397,69.756835,499.850124
105.344066,103.681297,71.067024,498.769447
105.64073,104.54783,73.57784,500.186801
105.93122,104.743441,72.096607,497.657791
101.242042,104.844876,70.736811,501.357466
103.497969,102.733128,75.209446,499.772921
105.682849,105.024921,70.624676,500.517741
107.164575,105.398869,72.527076,498.985156
106.884253,105.213204,72.593847,500.139594
106.851536,105.865665,74.482009,501.355663
105.049362,105.671782,78.120264,501.669392
98.273197,104.889528,76.293143,500.268593
102.284138,105.431601,70.791531,498.971716
107.488882,99.071664,71.436853,499.216765
103.571738,100.872059,69.310297,499.15792
105.126999,102.7411,72.519174,501.501381
103.329664,104.59613,65.664969,498.951718
97.168573,103.916557,64.437523,500.316948
100.336011,103.369199,71.135702,500.070915
104.30877,102.691038,69.667052,499.285772
104.961534,102.431791,73.482192,500.252202
100.710032,103.231532,74.152058,500.289738
103.444261,104.040805,73.665095,500.01879
103.286278,104.666512,75.315478,499.163002
104.877563,103.321736,76.688498,500.436768
107.402574,104.340232,75.496093,500.612974
101.432552,101.775202,68.374552,500.009283
101.385358,101.751203,66.660588,499.230206
105.552072,102.709469,68.003304,497.143924
101.597392,103.893018,68.693368,499.541476
101.743838,102.850064,68.068494,501.42549
103.065985,104.044129,69.309753,499.121204
101.44983,104.761568,68.984226,501.077339
106.235819,104.728145,67.066766,500.616416
107.199229,104.121649,67.525178,499.922246
104.625275,104.717773,70.246613,500.998005
103.655633,104.923768,70.935192,500.229254
104.709776,104.891953,70.556865,501.421228
104.373352,105.394718,74.419468,499.44067
103.059262,103.278734,70.816175,500.818193
103.736947,103.89865,71.000153,499.093994
105.459071,104.814067,70.623019,500.016332
101.80528,104.537702,71.731937,500.054523
103.277705,105.25314,72.937377,499.607369
107.222998,99.013707,73.288019,499.850944
107.373662,99.045501,70.89756,499.972075
100.117816,101.826186,73.603497,499.91864
103.446476,103.493398,73.314724,500.495121
105.235428,104.151075,74.435243,499.334127
103.407027,104.24329,75.562,499.672771
106.028913,103.160963,78.30033,500.454143
104.317065,104.403958,77.316583,498.609632
103.56914,104.824043,72.793413,499.120384
104.129394,105.286399,74.940886,498.630285
103.081999,105.197382,73.119009,500.28646
106.497589,105.526775,66.226274,499.627858
106.068121,105.584025,69.4848,500.383988
103.870897,105.211869,71.310168,500.546426
104.756586,100.619151,74.972678,500.984401
102.791796,100.802338,70.879716,499.138251
106.440722,101.880167,71.294796,499.819309
105.434333,101.909656,74.783233,500.371695
102.830313,104.017185,75.339764,501.75266
103.215733,105.391929,74.130802,498.001844
101.828459,104.665971,76.159996,501.024067
105.102356,103.000505,71.373128,500.503644
100.556339,102.82538,66.040458,502.637461
103.432841,105.786495,70.635775,499.078915
101.648749,102.047126,74.004808,499.912739
105.140529,101.907684,76.246983,500.425786
105.120456,102.239149,73.965394,499.795541
102.975626,104.77261,73.054776,499.724075
99.073944,104.826513,72.638007,499.184147
102.210259,104.918493,70.023323,500.778854
106.95768,103.854927,71.789073,499.002367
105.457027,105.124984,71.820852,502.075732
106.519233,104.466277,71.500621,499.742761
105.168177,101.86728,69.483275,499.582455
104.602495,102.438034,70.250504,502.123758
104.755638,104.633595,70.842203,498.8814
102.073364,104.772082,73.028692,499.079898
105.045979,104.582276,75.672552,498.434901
106.071101,103.864442,75.940802,501.082584
104.744862,104.322643,72.866427,499.911264
105.220237,104.583345,71.562256,499.516889
105.117135,103.429799,75.053745,502.080813
105.406873,100.795783,69.312158,499.679163
103.495108,102.316967,71.823091,498.698637
101.939876,103.465785,73.382596,500.229418
104.958636,104.849346,74.280474,501.369432
101.617431,104.119582,73.247066,499.359369
102.096005,103.322415,71.337532,499.51148
103.451018,101.220325,72.460287,499.285609
106.913085,99.194106,75.314587,500.426605
103.418709,102.261948,67.395378,499.775052
105.444931,103.67789,66.25639,498.731747
103.781669,101.967481,68.834346,499.0163
95.707451,103.134446,72.162323,501.80085
104.789414,105.223874,73.901312,500.806063
104.834637,104.691938,75.958744,499.294952
104.982018,105.803752,73.69666,498.716503
102.985104,104.337372,71.762182,501.101106
99.448065,103.754406,71.567754,498.605698
106.662661,104.164936,71.826496,499.096945
105.067772,105.312631,75.021613,499.619827
103.097304,104.640046,76.057116,499.750301
104.31314,102.839427,76.759061,501.017839
97.296649,100.984409,76.603263,500.210896
102.429991,103.870563,72.455999,501.017347
101.397785,103.766389,74.37094,500.615433
100.6149,105.648371,72.999741,500.314489
103.955934,105.601104,74.955264,498.080522
104.015293,105.820303,66.528004,500.988826
105.93027,105.382044,67.766073,499.224305
105.23883,102.580812,70.026241,500.699684
101.718184,101.850849,72.413764,500.449061
98.658175,103.77202,73.283806,500.119433
97.497393,102.749036,71.651568,500.305146
105.004603,102.115448,71.015694,500.179753
98.339903,103.823808,72.204067,500.452504
